ff_id,name_en,name_es,equipment,confidence,score,edb_exerciseId,edb_name,gifUrl,alt1_name,alt1_score
ff_chest_barbell_bench_press,Barbell Bench Press,Press banca con barra,Barbell,high,1.0,EIeI8Vf,barbell bench press,https://static.exercisedb.dev/media/EIeI8Vf.gif,barbell guillotine bench press,1.0
ff_chest_incline_barbell_bench_press,Incline Barbell Bench Press,Press banca inclinado con barra,Barbell,high,1.0,3TZduzM,barbell incline bench press,https://static.exercisedb.dev/media/3TZduzM.gif,barbell reverse grip incline bench press,0.956
ff_chest_decline_barbell_bench_press,Decline Barbell Bench Press,Press banca declinado con barra,Barbell,high,1.0,GrO65fd,barbell decline bench press,https://static.exercisedb.dev/media/GrO65fd.gif,barbell reverse grip decline bench press,0.956
ff_chest_dumbbell_bench_press,Dumbbell Bench Press,Press banca con mancuernas,Dumbbell,high,1.0,SpYC0Kp,dumbbell bench press,https://static.exercisedb.dev/media/SpYC0Kp.gif,dumbbell reverse bench press,0.956
ff_chest_incline_dumbbell_bench_press,Incline Dumbbell Bench Press,Press banca inclinado con mancuernas,Dumbbell,high,1.0,ns0SIbU,dumbbell incline bench press,https://static.exercisedb.dev/media/ns0SIbU.gif,dumbbell incline fly,0.9389
ff_chest_decline_dumbbell_bench_press,Decline Dumbbell Bench Press,Press banca declinado con mancuernas,Dumbbell,high,1.0,DwhEmmE,dumbbell decline bench press,https://static.exercisedb.dev/media/DwhEmmE.gif,dumbbell decline fly,0.9389
ff_chest_dumbbell_fly,Dumbbell Fly,Aperturas con mancuernas,Dumbbell,high,1.0,yz9nUhF,dumbbell fly,https://static.exercisedb.dev/media/yz9nUhF.gif,dumbbell fly on exercise ball,1.0
ff_chest_dumbbell_pullover,Dumbbell Pullover,Pullover con mancuerna,Dumbbell,high,1.0,vi8EhoE,dumbbell around pullover,https://static.exercisedb.dev/media/vi8EhoE.gif,dumbbell lying pullover on exercise ball,1.0
ff_chest_chest_press_machine,Chest Press Machine,Press de pecho en máquina,Machine,high,1.0,wDN97Ca,machine inner chest press,https://static.exercisedb.dev/media/wDN97Ca.gif,lever chest press,0.8381
ff_chest_cable_fly,Cable Fly,Aperturas en polea,Cable,high,1.0,FVmZVhk,cable low fly,https://static.exercisedb.dev/media/FVmZVhk.gif,cable lying fly,1.0
ff_chest_push_up,Push Up,Flexión de pecho,Bodyweight,high,1.0,7E06s6d,chest tap push-up (male),https://static.exercisedb.dev/media/7E06s6d.gif,clap push up,1.0
ff_chest_incline_push_up,Incline Push Up,Flexión inclinada,Bodyweight,high,1.0,CB8WET1,incline push up depth jump,https://static.exercisedb.dev/media/CB8WET1.gif,incline push-up,1.0
ff_chest_decline_push_up,Decline Push Up,Flexión declinada,Bodyweight,high,1.0,i5cEhka,decline push-up,https://static.exercisedb.dev/media/i5cEhka.gif,push-up,0.934
ff_chest_archer_push_up,Archer Push Up,Flexión arquero,Bodyweight,high,1.0,A9qxk2F,archer push up,https://static.exercisedb.dev/media/A9qxk2F.gif,push-up,0.8625
ff_chest_ring_push_up,Ring Push Up,Flexión en anillas,Bodyweight,high,1.0,I4hDWkc,push-up,https://static.exercisedb.dev/media/I4hDWkc.gif,kneeling push-up (male),0.9542
ff_back_pull_up,Pull Up,Dominada prona,Bodyweight,high,1.0,mExgrF9,bench pull-ups,https://static.exercisedb.dev/media/mExgrF9.gif,l-pull-up,1.0
ff_back_chin_up,Chin Up,Dominada supina,Bodyweight,high,1.0,T2mxWqc,chin-up,https://static.exercisedb.dev/media/T2mxWqc.gif,chin-ups (narrow parallel grip),1.0
ff_back_neutral_grip_pull_up,Neutral Grip Pull Up,Dominada agarre neutro,Bodyweight,high,1.0,0V2YQjW,pull up (neutral grip),https://static.exercisedb.dev/media/0V2YQjW.gif,pull-up,0.956
ff_back_inverted_row,Inverted Row,Remo invertido,Bodyweight,high,1.0,bZGHsAZ,inverted row,https://static.exercisedb.dev/media/bZGHsAZ.gif,inverted row bent knees,1.0
ff_back_scapular_pull_up,Scapular Pull Up,Dominada escapular,Bodyweight,high,1.0,uTBt1HV,scapular pull-up,https://static.exercisedb.dev/media/uTBt1HV.gif,pull-up,0.9571
ff_back_seated_cable_row,Seated Cable Row,Remo sentado en polea,Cable,high,1.0,hvV79Si,cable low seated row,https://static.exercisedb.dev/media/hvV79Si.gif,cable rope crossover seated row,1.0
ff_back_straight_arm_cable_pulldown,Straight Arm Cable Pulldown,Jalón con brazos rectos en polea,Cable,high,1.0,RVwzP10,cable pulldown,https://static.exercisedb.dev/media/RVwzP10.gif,cable straight arm pulldown,1.0
ff_back_cable_pullover,Cable Pullover,Pullover en polea,Cable,high,1.0,Q2Eu1Ax,cable lying extension pullover (with rope attachment),https://static.exercisedb.dev/media/Q2Eu1Ax.gif,cable pulldown,0.934
ff_back_barbell_row,Barbell Row,Remo con barra,Barbell,high,1.0,eZyBC3j,barbell bent over row,https://static.exercisedb.dev/media/eZyBC3j.gif,barbell pendlay row,1.0
ff_shoulders_seated_barbell_overhead_press,Seated Barbell Overhead Press,Press militar sentado con barra,Barbell,high,1.0,kTbSH9h,barbell seated overhead press,https://static.exercisedb.dev/media/kTbSH9h.gif,barbell seated behind head military press,0.899
ff_shoulders_dumbbell_lateral_raise,Dumbbell Lateral Raise,Elevación lateral con mancuernas,Dumbbell,high,1.0,AQ0mC4Y,dumbbell full can lateral raise,https://static.exercisedb.dev/media/AQ0mC4Y.gif,dumbbell lateral raise,1.0
ff_shoulders_dumbbell_front_raise,Dumbbell Front Raise,Elevación frontal con mancuernas,Dumbbell,high,1.0,3eGE2JC,dumbbell front raise,https://static.exercisedb.dev/media/3eGE2JC.gif,dumbbell front raise v. 2,1.0
ff_shoulders_rear_delt_dumbbell_fly,Rear Delt Dumbbell Fly,Apertura posterior con mancuernas,Dumbbell,high,1.0,8DiFDVA,dumbbell rear fly,https://static.exercisedb.dev/media/8DiFDVA.gif,dumbbell lying on floor rear delt raise,0.945
ff_shoulders_cable_lateral_raise,Cable Lateral Raise,Elevación lateral en polea,Cable,high,1.0,goJ6ezq,cable lateral raise,https://static.exercisedb.dev/media/goJ6ezq.gif,cable one arm lateral raise,0.956
ff_shoulders_cable_front_raise,Cable Front Raise,Elevación frontal en polea,Cable,high,1.0,u2X71Np,cable front raise,https://static.exercisedb.dev/media/u2X71Np.gif,cable front shoulder raise,1.0
ff_legs_jump_squat,Jump Squat,Sentadilla con salto,Bodyweight,high,1.0,LIlE5Tn,jump squat,https://static.exercisedb.dev/media/LIlE5Tn.gif,jump squat v. 2,1.0
ff_calves_seated_calf_raise_machine,Seated Calf Raise Machine,Elevación de pantorrilla sentado en máquina,Machine,high,1.0,IeDEXTe,lever seated squat calf raise on leg press machine,https://static.exercisedb.dev/media/IeDEXTe.gif,lever seated calf raise,0.8735
ff_calves_dumbbell_standing_calf_raise,Dumbbell Standing Calf Raise,Elevación de pantorrilla con mancuernas,Dumbbell,high,1.0,dPmaUaU,dumbbell standing calf raise,https://static.exercisedb.dev/media/dPmaUaU.gif,barbell standing calf raise,0.8492
ff_calves_single_leg_dumbbell_calf_raise,Single Leg Dumbbell Calf Raise,Elevación unilateral de pantorrilla con mancuerna,Dumbbell,high,1.0,1kB3Wmk,dumbbell single leg calf raise,https://static.exercisedb.dev/media/1kB3Wmk.gif,single leg calf raise (on a dumbbell),1.0
ff_calves_barbell_standing_calf_raise,Barbell Standing Calf Raise,Elevación de pantorrilla con barra,Barbell,high,1.0,8ozhUIZ,barbell standing calf raise,https://static.exercisedb.dev/media/8ozhUIZ.gif,barbell standing leg calf raise,1.0
ff_calves_standing_calf_raise,Standing Calf Raise,Elevación de pantorrilla de pie,Bodyweight,high,1.0,6HmFgmx,standing calf raise (on a staircase),https://static.exercisedb.dev/media/6HmFgmx.gif,bodyweight standing calf raise,0.956
ff_glutes_barbell_glute_bridge,Barbell Glute Bridge,Puente de glúteo con barra,Barbell,high,1.0,qKBpF7I,barbell glute bridge,https://static.exercisedb.dev/media/qKBpF7I.gif,barbell glute bridge two legs on bench (male),1.0
ff_glutes_cable_pull_through,Cable Pull Through,Pull through en polea,Cable,high,1.0,OM46QHm,cable pull through (with rope),https://static.exercisedb.dev/media/OM46QHm.gif,cable pulldown,0.8005
ff_glutes_glute_bridge,Glute Bridge,Puente de glúteo,Bodyweight,high,1.0,GibBPPg,glute bridge march,https://static.exercisedb.dev/media/GibBPPg.gif,glute bridge two legs on bench (male),1.0
ff_biceps_barbell_curl,Barbell Curl,Curl de bíceps con barra,Barbell,high,1.0,Yza7XrQ,barbell alternate biceps curl,https://static.exercisedb.dev/media/Yza7XrQ.gif,barbell biceps curl (with arm blaster),1.0
ff_biceps_ez_bar_curl,EZ Bar Curl,Curl de bíceps con barra EZ,Barbell,high,1.0,tJ5nYqo,ez-bar biceps curl (with arm blaster),https://static.exercisedb.dev/media/tJ5nYqo.gif,ez-bar close-grip bench press,0.8919
ff_biceps_dumbbell_curl,Dumbbell Curl,Curl de bíceps con mancuernas,Dumbbell,high,1.0,BU15nH4,dumbbell alternate biceps curl,https://static.exercisedb.dev/media/BU15nH4.gif,dumbbell alternate biceps curl (with arm blaster),1.0
ff_biceps_alternating_dumbbell_curl,Alternating Dumbbell Curl,Curl alterno con mancuernas,Dumbbell,high,1.0,Zwiw7XR,dumbbell alternating bicep curl with leg raised on exercise ball,https://static.exercisedb.dev/media/Zwiw7XR.gif,dumbbell alternating seated bicep curl on exercise ball,0.934
ff_biceps_incline_dumbbell_curl,Incline Dumbbell Curl,Curl inclinado con mancuernas,Dumbbell,high,1.0,F3xgbjF,dumbbell incline biceps curl,https://static.exercisedb.dev/media/F3xgbjF.gif,dumbbell incline curl,1.0
ff_biceps_cable_curl,Cable Curl,Curl de bíceps en polea,Cable,high,1.0,NvfE43H,cable concentration curl,https://static.exercisedb.dev/media/NvfE43H.gif,cable curl,1.0
ff_biceps_bayesian_cable_curl,Bayesian Cable Curl,Curl bayesiano en polea,Cable,high,1.0,G08RZcQ,cable curl,https://static.exercisedb.dev/media/G08RZcQ.gif,cable drag curl,0.89
ff_biceps_high_cable_curl,High Cable Curl,Curl alto en polea,Cable,high,1.0,G08RZcQ,cable curl,https://static.exercisedb.dev/media/G08RZcQ.gif,cable concentration curl,0.89
ff_biceps_reverse_cable_curl,Reverse Cable Curl,Curl inverso en polea,Cable,high,1.0,eOG0r6v,cable reverse curl,https://static.exercisedb.dev/media/eOG0r6v.gif,cable reverse preacher curl,1.0
ff_biceps_bodyweight_biceps_curl,Bodyweight Biceps Curl,Curl de bíceps con peso corporal,Bodyweight,high,1.0,gscGLOU,bodyweight side lying biceps curl,https://static.exercisedb.dev/media/gscGLOU.gif,bodyweight kneeling triceps extension,0.8172
ff_triceps_close_grip_bench_press,Close Grip Bench Press,Press banca agarre cerrado,Barbell,high,1.0,da4cXST,ez-bar close-grip bench press,https://static.exercisedb.dev/media/da4cXST.gif,barbell close-grip bench press,0.956
ff_triceps_dumbbell_kickback,Dumbbell Kickback,Patada de tríceps con mancuernas,Dumbbell,high,1.0,W6PxUkg,dumbbell kickback,https://static.exercisedb.dev/media/W6PxUkg.gif,dumbbell kickbacks on exercise ball,1.0
ff_triceps_overhead_cable_extension,Overhead Cable Extension,Extensión sobre cabeza en polea,Cable,high,1.0,1xHyxys,cable high pulley overhead tricep extension,https://static.exercisedb.dev/media/1xHyxys.gif,cable overhead triceps extension (rope attachment),1.0
ff_triceps_cable_triceps_kickback,Cable Triceps Kickback,Patada de tríceps en polea,Cable,high,1.0,HEJ6DIX,cable kickback,https://static.exercisedb.dev/media/HEJ6DIX.gif,cable two arm tricep kickback,0.9132
ff_triceps_bench_dip,Bench Dip,Fondos en banco,Bodyweight,high,1.0,RrLske5,bench dip (knees bent),https://static.exercisedb.dev/media/RrLske5.gif,bench dip on floor,1.0
ff_triceps_ring_dip,Ring Dip,Fondos en anillas,Bodyweight,high,1.0,ezTvXcr,ring dips,https://static.exercisedb.dev/media/ezTvXcr.gif,three bench dip,0.8167
ff_triceps_bodyweight_triceps_extension,Bodyweight Triceps Extension,Extensión de tríceps con peso corporal,Bodyweight,high,1.0,s0HKO2I,bodyweight kneeling triceps extension,https://static.exercisedb.dev/media/s0HKO2I.gif,triceps dip,0.8338
ff_shoulders_dumbbell_shoulder_press,Dumbbell Shoulder Press,Press de hombro con mancuernas,Dumbbell,high,0.9633,vmwLyCg,dumbbell w-press,https://static.exercisedb.dev/media/vmwLyCg.gif,dumbbell one arm shoulder press,0.956
ff_chest_smith_machine_bench_press,Smith Machine Bench Press,Press banca en máquina Smith,Smith Machine,high,0.956,trqKQv2,smith bench press,https://static.exercisedb.dev/media/trqKQv2.gif,smith machine reverse decline close grip bench press,0.846
ff_chest_smith_machine_incline_bench_press,Smith Machine Incline Bench Press,Press inclinado en máquina Smith,Smith Machine,high,0.956,5v7KYld,smith incline bench press,https://static.exercisedb.dev/media/5v7KYld.gif,smith bench press,0.89
ff_chest_high_to_low_cable_fly,High To Low Cable Fly,Cruce alto a bajo en polea,Cable,high,0.956,FVmZVhk,cable low fly,https://static.exercisedb.dev/media/FVmZVhk.gif,cable lying fly,0.8185
ff_chest_low_to_high_cable_fly,Low To High Cable Fly,Cruce bajo a alto en polea,Cable,high,0.956,FVmZVhk,cable low fly,https://static.exercisedb.dev/media/FVmZVhk.gif,cable lying fly,0.8185
ff_back_assisted_pull_up_machine,Assisted Pull Up Machine,Dominada asistida en máquina,Machine,high,0.956,kiJ4Z2K,assisted pull-up,https://static.exercisedb.dev/media/kiJ4Z2K.gif,lever assisted chin-up,0.8364
ff_back_lat_pulldown_machine,Lat Pulldown Machine,Jalón al pecho en máquina,Machine,high,0.956,ecpY0rH,reverse grip machine lat pulldown,https://static.exercisedb.dev/media/ecpY0rH.gif,assisted pull-up,0.7268
ff_back_pendlay_row,Pendlay Row,Remo Pendlay,Barbell,high,0.956,r0z6xzQ,barbell pendlay row,https://static.exercisedb.dev/media/r0z6xzQ.gif,cambered bar lying row,0.78
ff_shoulders_arnold_press,Arnold Press,Press Arnold,Dumbbell,high,0.956,Xy4jlWA,dumbbell arnold press,https://static.exercisedb.dev/media/Xy4jlWA.gif,dumbbell arnold press v. 2,0.956
ff_shoulders_single_arm_dumbbell_lateral_raise,Single Arm Dumbbell Lateral Raise,Elevación lateral unilateral con mancuerna,Dumbbell,high,0.956,DsgkuIt,dumbbell lateral raise,https://static.exercisedb.dev/media/DsgkuIt.gif,dumbbell raise,0.89
ff_shoulders_smith_machine_shoulder_press,Smith Machine Shoulder Press,Press de hombro en máquina Smith,Smith Machine,high,0.956,903mzG8,smith shoulder press,https://static.exercisedb.dev/media/903mzG8.gif,smith seated shoulder press,0.8081
ff_shoulders_upright_row,Upright Row,Remo al mentón con barra,Barbell,high,0.956,UDlhcO8,barbell upright row,https://static.exercisedb.dev/media/UDlhcO8.gif,barbell upright row v. 2,0.956
ff_legs_back_squat,Back Squat,Sentadilla trasera con barra,Barbell,high,0.956,DhMl549,barbell full squat (back pov),https://static.exercisedb.dev/media/DhMl549.gif,barbell hack squat,0.8831
ff_legs_front_squat,Front Squat,Sentadilla frontal con barra,Barbell,high,0.956,Y7YcmIJ,barbell bench front squat,https://static.exercisedb.dev/media/Y7YcmIJ.gif,barbell clean-grip front squat,0.956
ff_legs_goblet_squat,Goblet Squat,Sentadilla goblet,Dumbbell,high,0.956,yn8yg1r,dumbbell goblet squat,https://static.exercisedb.dev/media/yn8yg1r.gif,kettlebell goblet squat,0.9167
ff_legs_step_up,Step Up,Subida al cajón,Dumbbell,high,0.956,aXtJhlg,dumbbell step-up,https://static.exercisedb.dev/media/aXtJhlg.gif,dumbbell step-up lunge,0.956
ff_legs_romanian_deadlift,Romanian Deadlift,Peso muerto rumano,Barbell,high,0.956,wQ2c4XD,barbell romanian deadlift,https://static.exercisedb.dev/media/wQ2c4XD.gif,dumbbell romanian deadlift,0.9143
ff_legs_smith_machine_squat,Smith Machine Squat,Sentadilla en máquina Smith,Smith Machine,high,0.956,jFtipLl,smith squat,https://static.exercisedb.dev/media/jFtipLl.gif,smith chair squat,0.8643
ff_glutes_romanian_deadlift,Romanian Deadlift,Peso muerto rumano,Barbell,high,0.956,wQ2c4XD,barbell romanian deadlift,https://static.exercisedb.dev/media/wQ2c4XD.gif,dumbbell romanian deadlift,0.9143
ff_glutes_sumo_deadlift,Sumo Deadlift,Peso muerto sumo,Barbell,high,0.956,KgI0tqW,barbell sumo deadlift,https://static.exercisedb.dev/media/KgI0tqW.gif,barbell deadlift,0.856
ff_biceps_concentration_curl,Concentration Curl,Curl de concentración,Dumbbell,high,0.956,gvsWLQw,dumbbell concentration curl,https://static.exercisedb.dev/media/gvsWLQw.gif,dumbbell one arm concentration curl (on stability ball),0.912
ff_biceps_single_arm_cable_curl,Single Arm Cable Curl,Curl unilateral en polea,Cable,high,0.956,G08RZcQ,cable curl,https://static.exercisedb.dev/media/G08RZcQ.gif,cable drag curl,0.846
ff_triceps_skull_crusher,Skull Crusher,Rompecráneos con barra,Barbell,high,0.956,h8LFzo9,barbell lying triceps extension skull crusher,https://static.exercisedb.dev/media/h8LFzo9.gif,barbell reverse grip skullcrusher,0.89
ff_triceps_jm_press,JM Press,JM press,Barbell,high,0.956,ZsiqXYa,barbell jm bench press,https://static.exercisedb.dev/media/ZsiqXYa.gif,ez barbell jm bench press,0.956
ff_triceps_rope_pushdown,Rope Pushdown,Jalón de tríceps con cuerda,Cable,high,0.956,dU605di,cable pushdown (with rope attachment),https://static.exercisedb.dev/media/dU605di.gif,cable pushdown,0.8843
ff_triceps_v_bar_pushdown,V Bar Pushdown,Jalón de tríceps con barra V,Cable,high,0.956,gAwDzB3,cable triceps pushdown (v-bar),https://static.exercisedb.dev/media/gAwDzB3.gif,cable triceps pushdown (v-bar) (with arm blaster),0.956
ff_triceps_single_arm_cable_pushdown,Single Arm Cable Pushdown,Jalón unilateral de tríceps en polea,Cable,high,0.956,3ZflifB,cable pushdown,https://static.exercisedb.dev/media/3ZflifB.gif,cable triceps pushdown (v-bar) (with arm blaster),0.8665
ff_shoulders_cable_rear_delt_fly,Cable Rear Delt Fly,Apertura posterior en polea,Cable,high,0.9529,yUdIGNs,cable rear delt row (stirrups),https://static.exercisedb.dev/media/yUdIGNs.gif,cable rear delt row (with rope),0.9529
ff_back_australian_pull_up,Australian Pull Up,Dominada australiana,Bodyweight,high,0.94,lBDjFxJ,pull-up,https://static.exercisedb.dev/media/lBDjFxJ.gif,l-pull-up,0.9076
ff_chest_barbell_pullover,Barbell Pullover,Pullover con barra,Barbell,high,0.935,cA9FuWG,barbell bent arm pullover,https://static.exercisedb.dev/media/cA9FuWG.gif,barbell pullover,0.935
ff_chest_diamond_push_up,Diamond Push Up,Flexión diamante,Bodyweight,high,0.935,soIB2rj,diamond push-up,https://static.exercisedb.dev/media/soIB2rj.gif,push-up,0.8625
ff_shoulders_pike_push_up,Pike Push Up,Flexión pike,Bodyweight,high,0.935,XPUDTt7,pike-to-cobra push-up,https://static.exercisedb.dev/media/XPUDTt7.gif,push-up,0.935
ff_shoulders_handstand_push_up,Handstand Push Up,Flexión vertical de manos,Bodyweight,high,0.935,XooAdhl,handstand,https://static.exercisedb.dev/media/XooAdhl.gif,handstand push-up,0.935
ff_biceps_chin_up,Chin Up,Dominada supina,Bodyweight,high,0.935,T2mxWqc,chin-up,https://static.exercisedb.dev/media/T2mxWqc.gif,chin-ups (narrow parallel grip),0.935
ff_biceps_close_grip_chin_up,Close Grip Chin Up,Dominada supina cerrada,Bodyweight,high,0.935,VnfUNW7,close grip chin-up,https://static.exercisedb.dev/media/VnfUNW7.gif,close-grip push-up,0.9022
ff_shoulders_barbell_overhead_press,Barbell Overhead Press,Press militar con barra,Barbell,high,0.934,kTbSH9h,barbell seated overhead press,https://static.exercisedb.dev/media/kTbSH9h.gif,barbell skier,0.89
ff_legs_leg_press_machine,Leg Press Machine,Prensa de piernas,Machine,high,0.934,IeDEXTe,lever seated squat calf raise on leg press machine,https://static.exercisedb.dev/media/IeDEXTe.gif,machine inner chest press,0.854
ff_calves_leg_press_calf_raise_machine,Leg Press Calf Raise Machine,Elevación de pantorrilla en prensa,Machine,high,0.934,IeDEXTe,lever seated squat calf raise on leg press machine,https://static.exercisedb.dev/media/IeDEXTe.gif,lever calf press,0.8291
ff_legs_seated_leg_curl_machine,Seated Leg Curl Machine,Curl femoral sentado en máquina,Machine,high,0.9329,IeDEXTe,lever seated squat calf raise on leg press machine,https://static.exercisedb.dev/media/IeDEXTe.gif,lever seated leg curl,0.8643
ff_chest_hex_dumbbell_press,Hex Dumbbell Press,Press hexagonal con mancuernas,Dumbbell,high,0.9313,SpYC0Kp,dumbbell bench press,https://static.exercisedb.dev/media/SpYC0Kp.gif,dumbbell lying hammer press,0.9313
ff_chest_standing_cable_chest_press,Standing Cable Chest Press,Press de pecho de pie en polea,Cable,high,0.9313,Pr9Rhf4,cable standing fly,https://static.exercisedb.dev/media/Pr9Rhf4.gif,cable bench press,0.8369
ff_back_t_bar_row,T Bar Row,Remo T-Bar,Barbell,high,0.9313,R5swFnc,cambered bar lying row,https://static.exercisedb.dev/media/R5swFnc.gif,ez bar reverse grip bent over row,0.8873
ff_glutes_single_leg_glute_bridge,Single Leg Glute Bridge,Puente de glúteo unilateral,Bodyweight,high,0.9175,rmEukuS,single leg bridge with outstretched leg,https://static.exercisedb.dev/media/rmEukuS.gif,single leg squat (pistol) male,0.8429
ff_legs_stiff_leg_deadlift,Stiff Leg Deadlift,Peso muerto piernas rígidas,Barbell,high,0.9167,kuMiR2T,band stiff leg deadlift,https://static.exercisedb.dev/media/kuMiR2T.gif,dumbbell stiff leg deadlift,0.9143
ff_legs_cossack_squat,Cossack Squat,Sentadilla Cossack,Bodyweight,high,0.9143,GWoKnIm,weighted cossack squats (male),https://static.exercisedb.dev/media/GWoKnIm.gif,jump squat,0.8125
ff_biceps_hammer_curl,Hammer Curl,Curl martillo con mancuernas,Dumbbell,high,0.906,fy7Tgy4,dumbbell alternate hammer preacher curl,https://static.exercisedb.dev/media/fy7Tgy4.gif,dumbbell cross body hammer curl,0.906
ff_biceps_rope_hammer_curl,Rope Hammer Curl,Curl martillo con cuerda en polea,Cable,high,0.906,HPlPoQA,cable hammer curl (with rope),https://static.exercisedb.dev/media/HPlPoQA.gif,cable rope hammer preacher curl,0.906
ff_calves_elevated_calf_raise,Elevated Calf Raise,Elevación de pantorrilla en escalón,Bodyweight,high,0.9052,u5ESqzH,donkey calf raise,https://static.exercisedb.dev/media/u5ESqzH.gif,weighted donkey calf raise,0.8268
ff_legs_air_squat,Air Squat,Sentadilla libre sin peso,Bodyweight,high,0.9029,QpXqiq8,suspended split squat,https://static.exercisedb.dev/media/QpXqiq8.gif,curtsey squat,0.89
ff_biceps_ring_curl,Ring Curl,Curl en anillas,Bodyweight,high,0.9029,sJFIDIp,biceps leg concentration curl,https://static.exercisedb.dev/media/sJFIDIp.gif,weighted standing curl,0.8659
ff_legs_pistol_squat,Pistol Squat,Sentadilla pistol,Bodyweight,high,0.9,QpXqiq8,suspended split squat,https://static.exercisedb.dev/media/QpXqiq8.gif,split squats,0.8804
ff_triceps_single_arm_overhead_dumbbell_extension,Single Arm Overhead Dumbbell Extension,Extensión unilateral sobre cabeza con mancuerna,Dumbbell,high,0.8971,6MfS53i,dumbbell lying single extension,https://static.exercisedb.dev/media/6MfS53i.gif,dumbbell single arm overhead carry,0.8389
ff_legs_v_squat_machine,V Squat Machine,V-Squat en máquina,Machine,high,0.8947,IeDEXTe,lever seated squat calf raise on leg press machine,https://static.exercisedb.dev/media/IeDEXTe.gif,machine inner chest press,0.7273
ff_calves_single_leg_calf_raise,Single Leg Calf Raise,Elevación unilateral de pantorrilla,Bodyweight,high,0.8929,9JprnPh,band single leg calf raise,https://static.exercisedb.dev/media/9JprnPh.gif,band single leg reverse calf raise,0.8489
ff_chest_incline_chest_press_machine,Incline Chest Press Machine,Press inclinado en máquina,Machine,high,0.8917,wDN97Ca,machine inner chest press,https://static.exercisedb.dev/media/wDN97Ca.gif,lever incline chest press,0.881
ff_shoulders_machine_lateral_raise,Machine Lateral Raise,Elevación lateral en máquina,Machine,high,0.8913,dRTfGZT,lever lateral raise,https://static.exercisedb.dev/media/dRTfGZT.gif,landmine lateral raise,0.7406
ff_back_deadlift,Deadlift,Peso muerto,Barbell,high,0.891,ila4NZS,barbell deadlift,https://static.exercisedb.dev/media/ila4NZS.gif,barbell straight leg deadlift,0.891
ff_back_romanian_deadlift,Romanian Deadlift,Peso muerto rumano,Barbell,high,0.891,wQ2c4XD,barbell romanian deadlift,https://static.exercisedb.dev/media/wQ2c4XD.gif,dumbbell romanian deadlift,0.8493
ff_triceps_overhead_dumbbell_extension,Overhead Dumbbell Extension,Extensión sobre cabeza con mancuerna,Dumbbell,high,0.89,XalXcvM,dumbbell forward lunge triceps extension,https://static.exercisedb.dev/media/XalXcvM.gif,dumbbell lying extension (across face),0.89
ff_glutes_cable_kickback,Cable Kickback,Patada de glúteo en polea,Cable,high,0.8895,HEJ6DIX,cable kickback,https://static.exercisedb.dev/media/HEJ6DIX.gif,cable two arm tricep kickback,0.8895
ff_triceps_parallel_bar_dip,Parallel Bar Dip,Fondos en paralelas,Bodyweight,high,0.8857,K1vlode,weighted triceps dip on high parallel bars,https://static.exercisedb.dev/media/K1vlode.gif,ring dips,0.8429
ff_chest_decline_chest_press_machine,Decline Chest Press Machine,Press declinado en máquina,Machine,high,0.881,vsVoPHt,lever decline chest press,https://static.exercisedb.dev/media/vsVoPHt.gif,machine inner chest press,0.8705
ff_calves_standing_calf_raise_machine,Standing Calf Raise Machine,Elevación de pantorrilla de pie en máquina,Machine,high,0.881,ykUOVze,lever standing calf raise,https://static.exercisedb.dev/media/ykUOVze.gif,smith standing leg calf raise,0.7788
ff_glutes_dumbbell_hip_thrust,Dumbbell Hip Thrust,Hip thrust con mancuerna,Dumbbell,high,0.8804,7Hg55JG,dumbbell clean,https://static.exercisedb.dev/media/7Hg55JG.gif,dumbbell lunge,0.8804
ff_triceps_machine_dip,Machine Dip,Fondos en máquina,Machine,high,0.88,wDN97Ca,machine inner chest press,https://static.exercisedb.dev/media/wDN97Ca.gif,smith machine bicep curl,0.8094
ff_calves_donkey_calf_raise_machine,Donkey Calf Raise Machine,Elevación burro en máquina,Machine,high,0.8735,C9LuR4A,lever donkey calf raise,https://static.exercisedb.dev/media/C9LuR4A.gif,lever seated squat calf raise on leg press machine,0.8445
ff_triceps_triceps_extension_machine,Triceps Extension Machine,Extensión de tríceps en máquina,Machine,high,0.8735,Ser9eQp,lever triceps extension,https://static.exercisedb.dev/media/Ser9eQp.gif,smith machine incline tricep extension,0.7477
ff_calves_smith_machine_calf_raise,Smith Machine Calf Raise,Elevación de pantorrilla en Smith,Smith Machine,high,0.8714,Y4QlY8z,smith toe raise,https://static.exercisedb.dev/media/Y4QlY8z.gif,smith standing leg calf raise,0.78
ff_back_assisted_chin_up_machine,Assisted Chin Up Machine,Chin up asistido en máquina,Machine,high,0.8692,MaMuGH6,lever assisted chin-up,https://static.exercisedb.dev/media/MaMuGH6.gif,assisted pull-up,0.8541
ff_glutes_barbell_hip_thrust,Barbell Hip Thrust,Hip thrust con barra,Barbell,high,0.869,t8iSghb,barbell lunge,https://static.exercisedb.dev/media/t8iSghb.gif,barbell lying lifting (on hip),0.8672
ff_back_single_arm_dumbbell_row,Single Arm Dumbbell Row,Remo con mancuerna a una mano,Dumbbell,high,0.8683,mWBtgmb,dumbbell single arm overhead carry,https://static.exercisedb.dev/media/mWBtgmb.gif,dumbbell one arm bent-over row,0.8133
ff_back_machine_pullover,Machine Pullover,Pullover en máquina,Machine,high,0.8643,4U7iLb5,lever pullover,https://static.exercisedb.dev/media/4U7iLb5.gif,reverse grip machine lat pulldown,0.8185
ff_back_wide_grip_lat_pulldown_machine,Wide Grip Lat Pulldown Machine,Jalón abierto al pecho en máquina,Machine,high,0.862,ecpY0rH,reverse grip machine lat pulldown,https://static.exercisedb.dev/media/ecpY0rH.gif,twin handle parallel grip lat pulldown,0.6729
ff_shoulders_shoulder_press_machine,Shoulder Press Machine,Press de hombro en máquina,Machine,high,0.8589,67n3r98,lever shoulder press,https://static.exercisedb.dev/media/67n3r98.gif,lever shoulder press v. 2,0.8338
ff_legs_lying_leg_curl_machine,Lying Leg Curl Machine,Curl femoral acostado en máquina,Machine,high,0.8589,17lJ1kr,lever lying leg curl,https://static.exercisedb.dev/media/17lJ1kr.gif,lever kneeling leg curl,0.8146
ff_triceps_ez_bar_skull_crusher,EZ Bar Skull Crusher,Rompecráneos con barra EZ,Barbell,high,0.8589,h8LFzo9,barbell lying triceps extension skull crusher,https://static.exercisedb.dev/media/h8LFzo9.gif,barbell reverse grip skullcrusher,0.8133
ff_back_close_grip_lat_pulldown_machine,Close Grip Lat Pulldown Machine,Jalón cerrado al pecho en máquina,Machine,high,0.8531,ecpY0rH,reverse grip machine lat pulldown,https://static.exercisedb.dev/media/ecpY0rH.gif,assisted parallel close grip pull-up,0.7652
ff_legs_leg_extension_machine,Leg Extension Machine,Extensión de piernas en máquina,Machine,high,0.8529,my33uHU,lever leg extension,https://static.exercisedb.dev/media/my33uHU.gif,lever seated squat calf raise on leg press machine,0.7893
ff_biceps_preacher_curl_machine,Preacher Curl Machine,Curl predicador en máquina,Machine,high,0.8529,b6hQYMb,lever preacher curl,https://static.exercisedb.dev/media/b6hQYMb.gif,lever hammer grip preacher curl,0.8266
ff_glutes_donkey_kick,Donkey Kick,Patada de burro,Bodyweight,high,0.8482,u5ESqzH,donkey calf raise,https://static.exercisedb.dev/media/u5ESqzH.gif,push-up inside leg kick,0.8167
ff_back_chest_supported_dumbbell_row,Chest Supported Dumbbell Row,Remo con mancuernas pecho apoyado,Dumbbell,high,0.846,BJ0Hz5L,dumbbell bent over row,https://static.exercisedb.dev/media/BJ0Hz5L.gif,dumbbell shrug,0.8159
ff_triceps_straight_bar_pushdown,Straight Bar Pushdown,Jalón de tríceps con barra recta,Cable,high,0.846,3ZflifB,cable pushdown,https://static.exercisedb.dev/media/3ZflifB.gif,cable pushdown (straight arm) v. 2,0.8331
ff_legs_hack_squat_machine,Hack Squat Machine,Hack squat en máquina,Machine,high,0.8453,IeDEXTe,lever seated squat calf raise on leg press machine,https://static.exercisedb.dev/media/IeDEXTe.gif,sled hack squat,0.8085
ff_legs_belt_squat_machine,Belt Squat Machine,Sentadilla con cinturón en máquina,Machine,high,0.8453,IeDEXTe,lever seated squat calf raise on leg press machine,https://static.exercisedb.dev/media/IeDEXTe.gif,sled lying squat,0.707
ff_calves_toe_walk,Toe Walk,Caminata en puntas,Bodyweight,high,0.8429,PzNxakt,calf push stretch with hands against wall,https://static.exercisedb.dev/media/PzNxakt.gif,calf stretch with hands against wall,0.8429
ff_glutes_curtsy_lunge,Curtsy Lunge,Zancada cruzada,Bodyweight,high,0.835,gUjqdei,curtsey squat,https://static.exercisedb.dev/media/gUjqdei.gif,weighted stretch lunge,0.7993
ff_triceps_assisted_dip_machine,Assisted Dip Machine,Fondos asistidos en máquina,Machine,medium,0.8185,J60bN17,assisted triceps dip (kneeling),https://static.exercisedb.dev/media/J60bN17.gif,assisted chest dip (kneeling),0.7535
ff_legs_walking_lunge,Walking Lunge,Zancada caminando,Dumbbell,medium,0.8167,IZVHb27,walking lunge,https://static.exercisedb.dev/media/IZVHb27.gif,walking high knees lunge,0.7517
ff_legs_bulgarian_split_squat,Bulgarian Split Squat,Sentadilla búlgara,Dumbbell,medium,0.8146,QjE2DcA,dumbbell step-up split squat,https://static.exercisedb.dev/media/QjE2DcA.gif,split squats,0.7928
ff_glutes_smith_machine_hip_thrust,Smith Machine Hip Thrust,Hip thrust en máquina Smith,Smith Machine,medium,0.8113,jFtipLl,smith squat,https://static.exercisedb.dev/media/jFtipLl.gif,smith machine bicep curl,0.7802
ff_back_high_row_machine,High Row Machine,Remo alto en máquina,Machine,medium,0.806,nZZZy9m,lever high row,https://static.exercisedb.dev/media/nZZZy9m.gif,reverse grip machine lat pulldown,0.6898
ff_glutes_reverse_hyper_machine,Reverse Hyper Machine,Reverse hyper en máquina,Machine,medium,0.8005,ecpY0rH,reverse grip machine lat pulldown,https://static.exercisedb.dev/media/ecpY0rH.gif,lever reverse hyperextension,0.7816
ff_shoulders_reverse_pec_deck_machine,Reverse Pec Deck Machine,Pec Deck invertido,Machine,medium,0.7957,ecpY0rH,reverse grip machine lat pulldown,https://static.exercisedb.dev/media/ecpY0rH.gif,lever shoulder press,0.692
ff_legs_pendulum_squat_machine,Pendulum Squat Machine,Sentadilla péndulo en máquina,Machine,medium,0.7926,IeDEXTe,lever seated squat calf raise on leg press machine,https://static.exercisedb.dev/media/IeDEXTe.gif,sled lying squat,0.6985
ff_glutes_frog_pump,Frog Pump,Frog pump,Bodyweight,medium,0.7885,2Dk4xQV,rocking frog stretch,https://static.exercisedb.dev/media/2Dk4xQV.gif,frog planche,0.7821
ff_calves_jump_rope,Jump Rope,Saltar cuerda,Bodyweight,medium,0.7779,LIlE5Tn,jump squat,https://static.exercisedb.dev/media/LIlE5Tn.gif,jump squat v. 2,0.7779
ff_calves_pogo_jump,Pogo Jump,Saltos pogo,Bodyweight,medium,0.7779,uZKq7lo,forward jump,https://static.exercisedb.dev/media/uZKq7lo.gif,lunge with jump,0.7779
ff_chest_pec_deck_fly_machine,Pec Deck Fly Machine,Aperturas en Pec Deck,Machine,medium,0.7678,wDN97Ca,machine inner chest press,https://static.exercisedb.dev/media/wDN97Ca.gif,lever decline chest press,0.64
ff_legs_standing_leg_curl_machine,Standing Leg Curl Machine,Curl femoral de pie en máquina,Machine,medium,0.7599,6MaEjVA,smith standing leg calf raise,https://static.exercisedb.dev/media/6MaEjVA.gif,lever standing calf raise,0.742
ff_back_chest_supported_row_machine,Chest Supported Row Machine,Remo con pecho apoyado en máquina,Machine,medium,0.734,wDN97Ca,machine inner chest press,https://static.exercisedb.dev/media/wDN97Ca.gif,lever t bar row,0.6627
ff_glutes_hip_abductor_machine,Hip Abductor Machine,Abducción de cadera en máquina,Machine,medium,0.7309,CHpahtl,lever seated hip abduction,https://static.exercisedb.dev/media/CHpahtl.gif,lever seated hip adduction,0.6976
ff_legs_reverse_lunge,Reverse Lunge,Zancada inversa,Dumbbell,medium,0.7264,SSsBDwB,dumbbell rear lunge,https://static.exercisedb.dev/media/SSsBDwB.gif,barbell lunge,0.7203
ff_glutes_glute_drive_machine,Glute Drive Machine,Glute drive en máquina,Machine,medium,0.7162,IeDEXTe,lever seated squat calf raise on leg press machine,https://static.exercisedb.dev/media/IeDEXTe.gif,lever hip extension v. 2,0.6993
ff_glutes_hip_thrust_machine,Hip Thrust Machine,Hip thrust en máquina,Machine,medium,0.7093,IeDEXTe,lever seated squat calf raise on leg press machine,https://static.exercisedb.dev/media/IeDEXTe.gif,machine inner chest press,0.6721
ff_back_meadows_row,Meadows Row,Remo Meadows,Barbell,low,0.636,X3cqyXz,lever bent over row,https://static.exercisedb.dev/media/X3cqyXz.gif,medicine ball catch and overhead throw,0.6293
ff_shoulders_face_pull,Face Pull,Face pull en polea,Cable,low,0.617,RVwzP10,cable pulldown,https://static.exercisedb.dev/media/RVwzP10.gif,cable pulldown (pro lat bar),0.617
ff_shoulders_wall_walk,Wall Walk,Caminata de pared,Bodyweight,low,0.586,NCmbLCw,push-up (wall) v. 2,https://static.exercisedb.dev/media/NCmbLCw.gif,full maltese,0.571
ff_glutes_fire_hydrant,Fire Hydrant,Fire hydrant,Bodyweight,low,0.5802,OrETs32,reverse hyper on flat bench,https://static.exercisedb.dev/media/OrETs32.gif,side lying hip adduction (male),0.5653
